loss,[tensor(452.8300, device='cuda:0', grad_fn=<AddBackward0>), tensor(115.6684, device='cuda:0', grad_fn=<AddBackward0>), tensor(75.1976, device='cuda:0', grad_fn=<AddBackward0>), tensor(53.1918, device='cuda:0', grad_fn=<AddBackward0>), tensor(38.5722, device='cuda:0', grad_fn=<AddBackward0>)]
accuracy,[40804.0, 46185.0, 46804.0, 47156.0, 47350.0]
loss,[0.1510095172561705, 0.12376156233561536, 0.09111044602080559, 0.08114492216845974, 0.07708007681649179]
accuracy,[95.45, 96.29166666666667, 97.18333333333334, 97.74166666666666, 97.81666666666666]
